	0	1	2	3	4	5	6	7	8	9	10	11	12	13	14	15	16	17	18	19	20	21	22	23	24	25	26	27	28	29	30
UAL	40.22999954223633	40.091461181640625	39.743717193603516	38.73690414428711	38.284542083740234	38.46216583251953	38.868865966796875	39.195587158203125	39.10020065307617	38.695152282714844	38.3243408203125	38.16701126098633	38.238311767578125	38.3681640625	38.35763168334961	38.18299102783203	37.92351531982422	37.73524475097656	37.680885314941406	37.70289611816406	37.701419830322266	37.607177734375	37.440879821777344	37.27482604980469	37.16699981689453	37.120391845703125	37.08818817138672	37.02214050292969	36.91028594970703	36.778541564941406	36.66419219970703
ISRG	217.77999877929688	210.2185516357422	210.7561492919922	212.1703643798828	210.8732452392578	210.9585418701172	210.69647216796875	210.41184997558594	210.19509887695312	209.94435119628906	209.70252990722656	209.46173095703125	209.21934509277344	208.97813415527344	208.73704528808594	208.49620056152344	208.2558135986328	208.0154571533203	207.7755889892578	207.53590393066406	207.29652404785156	207.05743408203125	206.81858825683594	206.58006286621094	206.34181213378906	206.1038360595703	205.8661346435547	205.6287384033203	205.39157104492188	205.1547088623047	204.91812133789062
CSCO	42.900001525878906	42.62410354614258	42.52007293701172	42.61564254760742	42.60683822631836	42.656105041503906	42.68701934814453	42.720123291015625	42.75626754760742	42.792076110839844	42.82697296142578	42.862552642822266	42.89704895019531	42.93263244628906	42.968021392822266	43.003700256347656	43.039329528808594	43.074729919433594	43.11028289794922	43.145790100097656	43.18130874633789	43.21684265136719	43.25238037109375	43.28792190551758	43.32347106933594	43.35902786254883	43.39459228515625	43.4301643371582	43.46574401855469	43.50132751464844	43.53691864013672
TROW	102.68000030517578	99.92164611816406	97.54019165039062	98.64814758300781	98.37966918945312	97.76524353027344	97.9144287109375	97.65742492675781	96.97105407714844	96.56391906738281	96.31324768066406	96.00340270996094	95.70710754394531	95.39193725585938	95.03742218017578	94.68193817138672	94.34335327148438	94.02499389648438	93.71243286132812	93.38896179199219	93.06333923339844	92.73959350585938	92.4148941040039	92.09370422363281	91.77710723876953	91.46106719970703	91.14460754394531	90.82892608642578	90.51432800292969	90.20094299316406	89.88922119140625
NVR	4012.975341796875	3994.46533203125	3989.0	3984.99462890625	3971.4462890625	3959.515625	3948.403564453125	3937.141357421875	3925.81201171875	3914.544189453125	3903.50537109375	3892.313232421875	3881.165771484375	3870.109375	3859.050537109375	3848.021484375	3837.044677734375	3826.093017578125	3815.1708984375	3804.28369140625	3793.427734375	3782.6025390625	3771.808837890625	3761.046875	3750.316162109375	3739.61669921875	3728.94873046875	3718.3115234375	3707.705322265625	3697.1298828125	3686.58544921875
NLSN	27.979999542236328	28.15395736694336	28.2678279876709	28.37074089050293	28.489818572998047	28.600528717041016	28.7128963470459	28.822038650512695	28.930662155151367	29.037647247314453	29.14366340637207	29.248441696166992	29.352149963378906	29.454729080200195	29.55622673034668	29.656641006469727	29.7559871673584	29.854320526123047	29.95159149169922	30.047849655151367	30.14309310913086	30.237335205078125	30.330583572387695	30.4228515625	30.51414680480957	30.60447883605957	30.69386100769043	30.782302856445312	30.869813919067383	30.956403732299805	31.042081832885742
MRO	28.90999984741211	28.725093841552734	28.855260848999023	28.980297088623047	28.948726654052734	29.102781295776367	29.096111297607422	29.179664611816406	29.246118545532227	29.274269104003906	29.36089324951172	29.3924560546875	29.46141242980957	29.51535987854004	29.56387710571289	29.62957000732422	29.675945281982422	29.736936569213867	29.791053771972656	29.844947814941406	29.903770446777344	29.956268310546875	30.01416778564453	30.069110870361328	30.124656677246094	30.181480407714844	30.23636245727539	30.293174743652344	30.348834991455078	30.404943466186523	30.461368560791016
GILD	68.08999633789062	68.06682586669922	69.04344940185547	69.34420013427734	70.11160278320312	70.66749572753906	71.29360961914062	71.93042755126953	72.55647277832031	73.19623565673828	73.84333801269531	74.48426055908203	75.14302062988281	75.79883575439453	76.4657211303711	77.13716888427734	77.81304168701172	78.49695587158203	79.18453979492188	79.87980651855469	80.58006286621094	81.28684997558594	81.9996566772461	82.71858215332031	83.4438247680664	84.17528533935547	84.9130859375	85.65728759765625	86.40792846679688	87.16507720947266	87.92877960205078
QRVO	83.72000122070312	82.76173400878906	83.22220611572266	83.36286163330078	83.53236389160156	83.6810302734375	83.8414306640625	83.99344635009766	84.14958953857422	84.30207824707031	84.45571899414062	84.60762786865234	84.75951385498047	84.91033172607422	85.0606918334961	85.21038055419922	85.35938262939453	85.50775146484375	85.65547180175781	85.80255126953125	85.94898223876953	86.09478759765625	86.23995208740234	86.38447570800781	86.52838134765625	86.67164611816406	86.81430053710938	86.9563217163086	87.09773254394531	87.238525390625	87.37870788574219
EQIX	526.3900146484375	517.3147583007812	516.966796875	516.3551025390625	515.0203857421875	513.7412109375	512.2589111328125	510.8327331542969	509.3692932128906	507.9739685058594	506.5615234375	505.1817932128906	503.78228759765625	502.37890625	500.9917907714844	499.6148376464844	498.2372131347656	496.86767578125	495.5020446777344	494.1408996582031	492.78515625	491.4342956542969	490.08837890625	488.7472229003906	487.41070556640625	486.0789489746094	484.7520751953125	483.4298095703125	482.1122741699219	480.7994689941406	479.4913635253906
V	189.1000061035156	188.4402313232422	188.01724243164062	186.97315979003906	186.77517700195312	186.48574829101562	186.41116333007812	186.3769989013672	186.3389892578125	186.3509979248047	186.3401336669922	186.32550048828125	186.30223083496094	186.2733917236328	186.27557373046875	186.28294372558594	186.27989196777344	186.25372314453125	186.21884155273438	186.18153381347656	186.14564514160156	186.11282348632812	186.08206176757812	186.0532684326172	186.0254669189453	185.99827575683594	185.9712371826172	185.9442596435547	185.91746520996094	185.89100646972656	185.86480712890625
BA	139.281494140625	135.6610870361328	135.55491638183594	136.18203735351562	135.48899841308594	134.49307250976562	134.533203125	134.53634643554688	133.78237915039062	133.2587432861328	133.23434448242188	132.91265869140625	132.30824279785156	131.99742126464844	131.81396484375	131.38552856445312	130.93458557128906	130.67164611816406	130.36904907226562	129.9473114013672	129.58872985839844	129.30018615722656	128.94883728027344	128.56663513183594	128.24014282226562	127.92227172851562	127.5639419555664	127.21272277832031	126.89056396484375	126.55711364746094	126.20790100097656
FLT	170.3699951171875	165.84060668945312	165.27413940429688	165.08139038085938	165.2301025390625	165.02804565429688	165.0642852783203	164.9064483642578	164.81857299804688	164.69564819335938	164.60244750976562	164.52975463867188	164.52273559570312	164.491455078125	164.40249633789062	164.37005615234375	164.27235412597656	164.19847106933594	164.12803649902344	164.06222534179688	163.99142456054688	163.9237823486328	163.85458374023438	163.786865234375	163.71942138671875	163.65264892578125	163.58544921875	163.51858520507812	163.451416015625	163.38375854492188	163.31668090820312
A	129.83999633789062	126.71531677246094	127.9090347290039	127.2320785522461	127.8536605834961	127.91353607177734	127.95674896240234	128.48133850097656	128.27059936523438	128.85897827148438	128.64894104003906	129.0906982421875	129.08370971679688	129.36988830566406	129.51168823242188	129.6759033203125	129.89559936523438	130.01158142089844	130.251953125	130.37115478515625	130.59544372558594	130.73973083496094	130.93826293945312	131.10691833496094	131.2857666015625	131.46937561035156	131.63954162597656	131.82806396484375	131.9979248046875	132.1849822998047	132.35861206054688
MDT	83.06500244140625	80.91995239257812	81.73626708984375	81.11194610595703	81.421142578125	81.2895736694336	81.27151489257812	81.24510192871094	81.21139526367188	81.16268920898438	81.07979583740234	81.0335693359375	80.96356964111328	80.9347915649414	80.90943145751953	80.87113189697266	80.78716278076172	80.76299285888672	80.6962661743164	80.66680908203125	80.61021423339844	80.56849670410156	80.5194091796875	80.47312927246094	80.42534637451172	80.37769317626953	80.3309097290039	80.28378295898438	80.23770141601562	80.19098663330078	80.14393615722656
MSCI	397.2799987792969	395.8887939453125	394.9253845214844	395.0085144042969	395.463134765625	395.94061279296875	396.35040283203125	396.7861328125	397.2557373046875	397.56707763671875	397.74224853515625	398.03155517578125	398.438720703125	398.9049072265625	399.38507080078125	399.86968994140625	400.24346923828125	400.60882568359375	400.9977722167969	401.39825439453125	401.79803466796875	402.1959228515625	402.5939025878906	402.9921569824219	403.389404296875	403.7876892089844	404.18975830078125	404.5947265625	405.000244140625	405.40545654296875	405.8096923828125
MCHP	60.900001525878906	60.53268814086914	60.34844207763672	60.75840377807617	60.69477081298828	60.99740219116211	61.16261672973633	61.37345504760742	61.53212356567383	61.76192855834961	61.930728912353516	62.14908981323242	62.31206512451172	62.52657699584961	62.7254524230957	62.90957260131836	63.14683151245117	63.32095718383789	63.5369987487793	63.73422622680664	63.93748474121094	64.14329528808594	64.34656524658203	64.55372619628906	64.75821685791016	64.96719360351562	65.17268371582031	65.38328552246094	65.59001922607422	65.80160522460938	66.01111602783203
CHTR	330.8500061035156	326.0996398925781	320.25537109375	318.47998046875	318.6938171386719	319.10870361328125	318.9926452636719	318.57269287109375	317.958740234375	317.4827880859375	317.0502014160156	316.640380859375	316.18853759765625	315.8089294433594	315.4222106933594	314.9263000488281	314.264892578125	313.6026306152344	313.06256103515625	312.610107421875	312.1686096191406	311.700439453125	311.2124328613281	310.7224426269531	310.24066162109375	309.763671875	309.2867736816406	308.8088073730469	308.330078125	307.84832763671875	307.3626403808594
SWKS	82.7699966430664	82.53516387939453	82.56245422363281	82.5929183959961	82.61640167236328	82.62196350097656	82.61788940429688	82.60260772705078	82.57550811767578	82.54080200195312	82.49825286865234	82.44911193847656	82.38740539550781	82.32135009765625	82.25140380859375	82.17832946777344	82.1030044555664	82.02558135986328	81.94644165039062	81.86591339111328	81.78428649902344	81.70178985595703	81.61863708496094	81.53499603271484	81.45104217529297	81.36687469482422	81.28260803222656	81.19833374023438	81.11409759521484	81.02996063232422	80.94598388671875
MO	44.834999084472656	44.84160232543945	44.97040939331055	44.901729583740234	44.981719970703125	45.01847839355469	45.07451248168945	45.12724685668945	45.184513092041016	45.24199676513672	45.300376892089844	45.358985900878906	45.41791915893555	45.477046966552734	45.53632354736328	45.595699310302734	45.655086517333984	45.71451187133789	45.77397918701172	45.83351135253906	45.893096923828125	45.9527587890625	46.01248550415039	46.072288513183594	46.13215255737305	46.19208908081055	46.25209045410156	46.312156677246094	46.37229919433594	46.4325065612793	46.4927864074707
CDNS	157.10000610351562	160.51744079589844	164.6083221435547	169.0950469970703	173.15347290039062	177.37362670898438	181.39183044433594	185.4949188232422	189.59742736816406	193.80392456054688	198.06260681152344	202.42813110351562	206.87889099121094	211.4287109375	216.0855712890625	220.85801696777344	225.74124145507812	230.73577880859375	235.84629821777344	241.07044982910156	246.41160583496094	251.87054443359375	257.45001220703125	263.1524658203125	268.9807434082031	274.9377136230469	281.02642822265625	287.2498474121094	293.6110534667969	300.1131591796875	306.7593078613281
GS-PJ	24.72699928283692	24.62193489074707	24.62956428527832	24.61275291442871	24.61433219909668	24.60155487060547	24.598360061645508	24.5862979888916	24.58104133605957	24.57107925415039	24.563657760620117	24.553556442260742	24.545475006103516	24.535491943359375	24.527206420898438	24.517919540405273	24.509206771850586	24.50056266784668	24.492206573486328	24.483665466308594	24.475269317626953	24.4667911529541	24.458402633666992	24.44999122619629	24.441648483276367	24.433307647705078	24.425031661987305	24.416780471801758	24.408578872680664	24.400419235229492	24.392297744750977
HCA	198.0200042724609	190.9547576904297	194.39044189453125	194.02511596679688	194.0703887939453	194.99537658691406	194.50450134277344	196.1035614013672	196.8353271484375	197.63084411621094	199.23516845703125	198.94143676757812	199.9330596923828	200.0837860107422	200.49449157714844	201.43556213378906	201.79635620117188	202.6638641357422	203.29798889160156	203.89732360839844	204.6860809326172	205.21575927734375	205.9829559326172	206.6393280029297	207.31521606445312	208.0723114013672	208.71604919433594	209.4512481689453	210.1324462890625	210.8112335205078	211.5287628173828
LVS	33.39500045776367	35.108360290527344	34.76711654663086	34.468505859375	34.32381820678711	34.372127532958984	34.47267532348633	34.6062126159668	34.75310134887695	34.86426544189453	34.91990280151367	34.990299224853516	35.049095153808594	35.108089447021484	35.1466064453125	35.186126708984375	35.227909088134766	35.26890563964844	35.3098030090332	35.3509635925293	35.392601013183594	35.43478012084961	35.47715759277344	35.5196647644043	35.56207275390625	35.60440444946289	35.64662170410156	35.688743591308594	35.73072814941406	35.77255630493164	35.81425476074219
BBY	63.25	62.41335678100586	62.675174713134766	62.559242248535156	62.57688903808594	62.40182113647461	62.423763275146484	62.38228225708008	62.350730895996094	62.27626419067383	62.24380874633789	62.2007942199707	62.160552978515625	62.11074447631836	62.07231521606445	62.0314826965332	61.987648010253906	61.943851470947266	61.90250015258789	61.86033248901367	61.81740188598633	61.77483367919922	61.73280715942383	61.69049835205078	61.64802932739258	61.60575866699219	61.56361770629883	61.52143096923828	61.479225158691406	61.437110900878906	61.39506149291992
WBA	34.06999969482422	33.56069564819336	33.76799774169922	33.631778717041016	33.68600845336914	33.733089447021484	33.70903015136719	33.738441467285156	33.760337829589844	33.76607131958008	33.785125732421875	33.80263900756836	33.81557846069336	33.834449768066406	33.848114013671875	33.86393737792969	33.88091278076172	33.89554214477539	33.91188049316406	33.92759704589844	33.94322204589844	33.959224700927734	33.974910736083984	33.990726470947266	34.006595611572266	34.02236557006836	34.038211822509766	34.054054260253906	34.06987380981445	34.08573532104492	34.10157775878906
EIX	55.29999923706055	55.28984832763672	55.22435760498047	54.99067687988281	54.88062286376953	54.75776290893555	54.586116790771484	54.50710678100586	54.4072380065918	54.28677749633789	54.1740837097168	54.064788818359375	53.95478057861328	53.84049987792969	53.7264404296875	53.61410140991211	53.496177673339844	53.38116455078125	53.26734924316406	53.152957916259766	53.039546966552734	52.92632293701172	52.81358337402344	52.70054244995117	52.5877799987793	52.475486755371094	52.36323928833008	52.25127029418945	52.1396369934082	52.02824783325195	51.9171257019043
AJG	176.4250030517578	172.0402374267578	174.4362335205078	175.69598388671875	175.86785888671875	175.62657165527344	175.31614685058594	175.05706787109375	175.050537109375	175.28746032714844	175.4342803955078	175.7183837890625	175.875732421875	176.1029510498047	176.2539520263672	176.37429809570312	176.35707092285156	176.44598388671875	176.53562927246094	176.63230895996094	176.74404907226562	176.8676300048828	176.99671936035156	177.12222290039062	177.2415313720703	177.34939575195312	177.45542907714844	177.55857849121094	177.6654815673828	177.77369689941406	177.8841094970703
FPLPF	1.9839999675750728	2.090956449508667	2.11106276512146	2.1376712322235107	2.170250415802002	2.196709632873535	2.226353168487549	2.2540411949157715	2.2826602458953857	2.3102619647979736	2.338273525238037	2.36564564704895	2.393143653869629	2.42021107673645	2.4472599029541016	2.473984479904175	2.50061297416687	2.52693247795105	2.5530178546905518	2.578936815261841	2.6046125888824463	2.630100727081299	2.6553728580474854	2.6804466247558594	2.7053146362304688	2.7299838066101074	2.75445294380188	2.7787249088287354	2.8028006553649902	2.8266818523406982	2.850370407104492
CF	103.0500030517578	102.79450988769531	103.1502914428711	103.07466125488281	103.47309875488281	103.3739013671875	103.8199234008789	103.74567413330078	104.2166748046875	104.15830993652344	104.64063262939453	104.5836181640625	105.07576751708984	105.0097427368164	105.50362396240234	105.43419647216797	105.92947387695312	105.85431671142578	106.35397338867188	106.27447509765625	106.7787857055664	106.69559478759766	107.2050552368164	107.11824798583984	107.63298797607422	107.54244232177734	108.06243133544922	107.9679946899414	108.4931869506836	108.3947525024414	108.92520141601562
T	17.399999618530273	16.91291046142578	17.17581558227539	17.058618545532227	17.111682891845703	17.055810928344727	17.077585220336914	17.046236038208008	17.052474975585938	17.032670974731445	17.03132438659668	17.017234802246094	17.011934280395508	17.000595092773438	16.993553161621094	16.98344612121582	16.975526809692383	16.96613311767578	16.9577693939209	16.948732376098633	16.940189361572266	16.93133544921875	16.922725677490234	16.913976669311523	16.905357360839844	16.89667510986328	16.8880672454834	16.879438400268555	16.870853424072266	16.862266540527344	16.85371208190918
C	43.970001220703125	45.55515670776367	46.978153228759766	48.261104583740234	49.47509002685547	50.695587158203125	51.95602035522461	53.25907897949219	54.59843826293945	55.97165298461914	57.378170013427734	58.81847381591797	60.29353332519531	61.804954528808594	63.3536491394043	64.939697265625	66.563720703125	68.22671508789062	69.9297866821289	71.67402648925781	73.46044921875	75.29005432128906	77.16386413574219	79.08293914794922	81.04837036132812	83.06128692626953	85.12283325195312	87.23418426513672	89.39653015136719	91.61112976074219	93.87921142578125
CFG	38.04999923706055	37.76068115234375	37.56614303588867	38.040653228759766	38.043060302734375	37.99094009399414	38.11221694946289	38.18802261352539	38.202171325683594	38.28644943237305	38.3604850769043	38.43429183959961	38.4842643737793	38.58427047729492	38.626708984375	38.7220458984375	38.82243728637695	38.89763641357422	38.989356994628906	39.08305358886719	39.16766357421875	39.25255584716797	39.34185791015625	39.42518997192383	39.50983810424805	39.593929290771484	39.67842102050781	39.76083755493164	39.84466552734375	39.9276008605957	40.009864807128906
DTE	106.23999786376952	105.5919189453125	105.09648895263672	104.90116882324219	105.0040512084961	104.94652557373047	104.81456756591797	104.61468505859375	104.45968627929688	104.25198364257812	104.12741088867188	103.99756622314453	103.84091186523438	103.6832504272461	103.53601837158203	103.38367462158203	103.23815155029297	103.09264373779297	102.94623565673828	102.79808044433594	102.65023803710938	102.5035400390625	102.357421875	102.2109375	102.06498718261719	101.91899871826172	101.77314758300781	101.62773132324219	101.48261260986328	101.33766174316406	101.19293212890625
MGM	33.02000045776367	33.093353271484375	33.0344352722168	33.07049560546875	33.04146957397461	33.078556060791016	33.06843185424805	33.1003303527832	33.09584426879883	33.13426208496094	33.150386810302734	33.17729187011719	33.200618743896484	33.226009368896484	33.248722076416016	33.27452850341797	33.30685043334961	33.33390426635742	33.364070892333984	33.391441345214844	33.420536041259766	33.4482307434082	33.47663879394531	33.504486083984375	33.53240966796875	33.560428619384766	33.58822250366211	33.6162109375	33.64398193359375	33.671913146972656	33.69964599609375
WU	13.595000267028809	13.337347030639648	13.68136978149414	13.58437442779541	13.687413215637207	13.694610595703125	13.616364479064941	13.70789623260498	13.644057273864746	13.712618827819824	13.689517974853516	13.727660179138184	13.75309944152832	13.759411811828613	13.797072410583496	13.800741195678711	13.825274467468262	13.839295387268066	13.852315902709961	13.872703552246094	13.884995460510254	13.904669761657715	13.919575691223145	13.93559455871582	13.95332145690918	13.968101501464844	13.985237121582031	14.000789642333984	14.01655101776123	14.032814979553223	14.047938346862793
HUM	515.4199829101562	496.6222229003906	490.36566162109375	487.8555603027344	484.40478515625	481.3402404785156	478.1191101074219	474.9810791015625	471.82354736328125	468.69195556640625	465.55474853515625	462.4441223144531	459.334716796875	456.2352600097656	453.1362609863281	450.0780334472656	447.0074768066406	443.9752502441406	440.9744567871094	437.9917297363281	435.029541015625	432.0869140625	429.1640625	426.2606506347656	423.3768005371094	420.51226806640625	417.6669921875	414.8408508300781	412.03375244140625	409.24554443359375	406.4761962890625
APH	70.69000244140625	70.18199920654297	70.51083374023438	70.78240203857422	71.05175018310547	71.3160629272461	71.58191680908203	71.8479995727539	72.11524200439453	72.38338470458984	72.65255737304688	72.92272186279297	73.19387817382812	73.46605682373047	73.7392349243164	74.01343536376953	74.2886734008789	74.5649185180664	74.84220123291016	75.12052154541016	75.39987182617188	75.68025970458984	75.9616928100586	76.24417877197266	76.52771759033203	76.81230926513672	77.09796142578125	77.38468170166016	77.6724624633789	77.96131896972656	78.25125122070312
FCX	30.6299991607666	29.773696899414062	29.468828201293945	29.546049118041992	29.75028419494629	29.60901641845703	29.639034271240234	29.66080093383789	29.724931716918945	29.706586837768555	29.73955535888672	29.749645233154297	29.786264419555664	29.79926109313965	29.80835723876953	29.831113815307617	29.85663604736328	29.8723087310791	29.889612197875977	29.910043716430664	29.929975509643555	29.948001861572266	29.966527938842773	29.98578453063965	30.004600524902344	30.023218154907227	30.041715621948242	30.060386657714844	30.07902717590332	30.097484588623047	30.115859985351562
ALTR	45.04999923706055	44.95023727416992	44.89033126831055	44.84858703613281	44.820640563964844	44.82038879394531	44.84422302246094	44.85896301269531	44.87147903442383	44.885066986083984	44.87861251831055	44.888614654541016	44.89375686645508	44.90039825439453	44.90027618408203	44.90095520019531	44.90286636352539	44.90596389770508	44.90867614746094	44.91118240356445	44.913490295410156	44.915348052978516	44.91718292236328	44.9188346862793	44.92066955566406	44.9224853515625	44.92428207397461	44.92599868774414	44.92771911621094	44.92942810058594	44.93111801147461
MSI	229.2400054931641	225.64537048339844	225.25343322753906	222.6970672607422	225.3901824951172	224.3611602783203	226.372314453125	225.45103454589844	227.1645050048828	226.41343688964844	227.82708740234375	227.275634765625	228.53219604492188	228.16258239746094	229.28489685058594	229.0798797607422	230.0413055419922	229.9076385498047	230.7721710205078	230.7628936767578	231.5558319091797	231.62217712402344	232.34384155273438	232.4718475341797	233.13548278808594	233.31520080566406	233.9343719482422	234.1581573486328	234.74098205566406	235.00050354003906	235.5535888671875
LH	213.4199981689453	203.02932739257812	215.17176818847656	206.376953125	210.30601501464844	209.33555603027344	208.9418182373047	208.16561889648438	209.71282958984375	208.20094299316406	207.77854919433594	210.9696807861328	205.393798828125	211.77914428710938	206.255126953125	209.8522186279297	207.85838317871094	209.01763916015625	207.6365203857422	209.2274169921875	207.8238067626953	208.0155487060547	209.43060302734375	206.46458435058594	210.068603515625	206.5980682373047	209.2266845703125	207.27976989746094	208.75572204589844	207.21388244628906	208.7102813720703
ADM	89.12999725341797	86.66129302978516	86.96183013916016	86.49556732177734	86.53640747070312	86.2276840209961	86.19007873535156	85.94883728027344	85.859375	85.64707946777344	85.5235366821289	85.32937622070312	85.1911392211914	85.00543975830078	84.85843658447266	84.68017578125	84.5238265991211	84.35489654541016	84.19656372070312	84.03084564208984	83.87123107910156	83.70750427246094	83.54735565185547	83.38500213623047	83.22481536865234	83.0634765625	82.90353393554688	82.74304962158203	82.58350372314453	82.42378997802734	82.26471710205078
GGG	63.05500030517578	61.40724563598633	60.86359786987305	60.18097686767578	59.54495620727539	59.138465881347656	58.728759765625	58.26366424560547	57.822059631347656	57.38902282714844	56.95384979248047	56.52439498901367	56.101417541503906	55.67890930175781	55.26046371459961	54.8463249206543	54.43263244628906	54.02226638793945	53.615020751953125	53.210811614990234	52.809932708740234	52.41217803955078	52.01737976074219	51.625587463378906	51.23678970336914	50.85093688964844	50.468021392822266	50.0880241394043	49.710906982421875	49.33665084838867	48.96524429321289
PSX	99.9209976196289	97.48639678955078	98.46643829345703	97.88379669189453	98.5275650024414	98.02986907958984	98.57300567626953	98.16105651855469	98.62775421142578	98.28226470947266	98.68833923339844	98.39470672607422	98.74321746826172	98.50233459472656	98.80501556396484	98.60662841796875	98.86288452148438	98.71276092529297	98.92851257324219	98.81159210205078	98.99771118164062	98.90769958496094	99.06926727294922	99.00160217285156	99.14273071289062	99.09366607666016	99.21776580810547	99.18419647216797	99.29415130615234	99.27344512939453	99.37161254882812
PKI	129.64999389648438	131.36587524414062	131.9849090576172	132.63523864746094	133.77685546875	135.10084533691406	136.44300842285156	137.89918518066406	139.13365173339844	140.3638916015625	141.6387176513672	142.94300842285156	144.22103881835938	145.52349853515625	146.91636657714844	148.26461791992188	149.60394287109375	150.95059204101562	152.31593322753906	153.6983184814453	155.09591674804688	156.50546264648438	157.92623901367188	159.3599090576172	160.8071746826172	162.26800537109375	163.74134826660156	165.2276611328125	166.72821044921875	168.24278259277344	169.77105712890625
LNT	49.43999862670898	48.48905563354492	48.295040130615234	48.1651725769043	48.0385627746582	47.98546600341797	47.88899230957031	47.70276641845703	47.4293098449707	47.151309967041016	46.8928108215332	46.847145080566406	46.674346923828125	46.674476623535156	46.39690017700195	46.19084167480469	46.04481887817383	45.88573455810547	45.7850341796875	45.60195541381836	45.41438293457031	45.2230110168457	45.05207443237305	44.88135528564453	44.74277877807617	44.5780143737793	44.43509292602539	44.26331329345703	44.08955383300781	43.93544387817383	43.773643493652344
GPN	113.3499984741211	108.9826431274414	109.90957641601562	108.63169860839844	109.48515319824219	109.45132446289062	109.30061340332031	109.40129089355469	109.22116088867188	109.0754165649414	108.89997100830078	108.67263793945312	108.46363830566406	108.30265808105469	108.18651580810547	107.99007415771484	107.71769714355469	107.59124755859375	107.41766357421875	107.33357238769531	107.16695404052734	107.02812194824219	106.87063598632812	106.70771789550781	106.54796600341797	106.38164520263672	106.21891784667969	106.05812072753906	105.90095520019531	105.74409484863281	105.5833969116211
LNC	50.36000061035156	49.32320022583008	49.8827018737793	49.85304260253906	50.10942077636719	50.14097213745117	50.16731262207031	50.21321105957031	50.2232666015625	50.215415954589844	50.208412170410156	50.192527770996094	50.16938018798828	50.144287109375	50.11656951904297	50.087806701660156	50.05644226074219	50.02471160888672	49.99217224121094	49.9591064453125	49.925636291503906	49.891937255859375	49.858062744140625	49.824058532714844	49.78997802734375	49.755859375	49.72172164916992	49.68756866455078	49.65343475341797	49.61930847167969	49.58522033691406
KGNR	1.399999976158142	1.4047317504882812	1.4063894748687744	1.4086699485778809	1.408609390258789	1.409247875213623	1.4104125499725342	1.4126856327056885	1.413327693939209	1.414479374885559	1.4149560928344727	1.416764497756958	1.417426586151123	1.4190783500671387	1.419629454612732	1.4214520454406738	1.4224913120269775	1.4239414930343628	1.4243290424346924	1.425743579864502	1.426619291305542	1.4283636808395386	1.42903733253479	1.4303243160247803	1.4309320449829102	1.432531476020813	1.4333518743515015	1.434747338294983	1.4353851079940796	1.4368032217025757	1.4375985860824585
BAC	34.70500183105469	34.11054229736328	34.394447326660156	34.283905029296875	34.383018493652344	34.41194152832031	34.40486145019531	34.47244644165039	34.441322326660156	34.496578216552734	34.4807014465332	34.517433166503906	34.51726531982422	34.538089752197266	34.546958923339844	34.55561828613281	34.5703125	34.57731628417969	34.59150695800781	34.59919738769531	34.61159133911133	34.620758056640625	34.63164520263672	34.64178466796875	34.651893615722656	34.66238784790039	34.67229461669922	34.682769775390625	34.69272232055664	34.70307922363281	34.71315002441406
PPG	112.66000366210938	109.02532958984375	111.32208251953125	110.0772476196289	110.98590087890625	110.55323791503906	110.99192810058594	110.85176849365234	111.11437225341797	111.06712341308594	111.22479248046875	111.27615356445312	111.38237762451172	111.46661376953125	111.55091857910156	111.63749694824219	111.72677612304688	111.81153106689453	111.90052032470703	111.98656463623047	112.07474517822266	112.16166687011719	112.24942016601562	112.33665466308594	112.4245834350586	112.51203918457031	112.5999984741211	112.68770599365234	112.77569580078125	112.86363220214844	112.95172119140625
IRM	47.02989959716797	46.8870964050293	46.897953033447266	46.61014175415039	46.73054885864258	46.755332946777344	47.19329833984375	47.283164978027344	47.157466888427734	46.9077262878418	46.98965835571289	47.16352844238281	47.46277618408203	47.56874084472656	47.43234634399414	47.29439926147461	47.336334228515625	47.51106262207031	47.74828338623047	47.83145523071289	47.75313949584961	47.667293548583984	47.71352005004883	47.869808197021484	48.04830551147461	48.1164436340332	48.06684875488281	48.00612258911133	48.058921813964844	48.18931198120117	48.33419418334961
ESS	226.07000732421875	222.1761016845703	220.9385986328125	219.8905029296875	221.15328979492188	222.0630340576172	221.21002197265625	219.56936645507812	218.6488494873047	220.0944061279297	220.29869079589844	220.3614501953125	218.68405151367188	218.28082275390625	218.30149841308594	219.22509765625	218.4071044921875	217.9442901611328	216.8085479736328	217.2645721435547	217.24339294433594	217.1441650390625	216.37452697753906	215.93597412109375	215.78872680664062	215.91354370117188	215.63485717773438	215.18902587890625	214.76670837402344	214.60629272460938	214.57948303222656
NOV	21.489999771118164	21.516572952270508	21.835529327392578	21.008441925048828	21.1749324798584	21.19495964050293	21.80153465270996	21.34444808959961	21.561355590820312	21.500207901000977	22.302217483520508	22.21375846862793	22.546602249145508	22.24627113342285	22.815576553344727	22.68427085876465	23.011106491088867	22.56232261657715	22.955480575561523	22.8305606842041	23.335676193237305	23.026094436645508	23.403413772583008	23.23700714111328	23.80498695373535	23.593761444091797	23.960763931274414	23.67862892150879	24.161075592041016	23.96339225769043	24.367246627807617
FLS	26.26000022888184	26.00309181213379	26.134016036987305	26.28952407836914	26.2719669342041	26.4980411529541	26.574277877807617	26.689651489257812	26.837953567504883	26.926054000854492	27.05461311340332	27.161943435668945	27.28683090209961	27.399076461791992	27.52728843688965	27.634517669677734	27.746387481689453	27.86638832092285	27.97638702392578	28.095041275024414	28.20904541015625	28.32240867614746	28.441328048706055	28.554222106933594	28.672359466552734	28.78866958618164	28.9056339263916	29.02367401123047	29.14137077331543	29.259967803955078	29.378707885742188
ULTA	373.7950134277344	375.7035827636719	376.1800537109375	376.24127197265625	376.472412109375	376.70013427734375	376.9143371582031	377.131591796875	377.35015869140625	377.56719970703125	377.7838134765625	378.0015869140625	378.22021484375	378.4395751953125	378.6591491699219	378.87896728515625	379.098876953125	379.3187255859375	379.5386657714844	379.75872802734375	379.97894287109375	380.19921875	380.41961669921875	380.64013671875	380.8608093261719	381.08154296875	381.3023681640625	381.52337646484375	381.7444763183594	381.9656982421875	382.18701171875
HAL	33.779998779296875	32.88518524169922	32.67304229736328	32.69425582885742	33.8455696105957	33.540130615234375	33.393272399902344	33.07759094238281	34.276084899902344	34.546051025390625	34.468746185302734	34.025352478027344	35.03056335449219	35.70884323120117	35.82483673095703	35.16489028930664	35.81532669067383	36.675758361816406	37.02885055541992	36.30780029296875	36.53738021850586	37.42837142944336	38.12901306152344	37.539588928222656	37.39034652709961	38.161415100097656	39.184059143066406	38.89033126831055	38.45376205444336	38.93925094604492	40.157371520996094
ADI	142.3800048828125	143.41212463378906	144.51150512695312	145.5616455078125	146.58511352539062	147.58746337890625	148.59075927734375	149.60186767578125	150.6253662109375	151.65953063964844	152.70285034179688	153.75335693359375	154.810302734375	155.87351989746094	156.94337463378906	158.0200958251953	159.1038818359375	160.19482421875	161.29296875	162.3983612060547	163.51101684570312	164.6309814453125	165.75827026367188	166.89295959472656	168.03509521484375	169.18472290039062	170.34188842773438	171.50665283203125	172.67904663085938	173.85916137695312	175.04701232910156
CPRT	109.20999908447266	102.08829498291016	102.64094543457031	101.5024642944336	103.04996490478516	100.7840347290039	101.25110626220703	100.52031707763672	100.85486602783203	99.7606201171875	98.58240509033203	100.52711486816406	95.21698760986328	99.9227066040039	93.84555053710938	100.06307220458984	90.77078247070312	98.21412658691406	89.83280181884766	97.65391540527344	88.71501922607422	94.99759674072266	90.16242980957031	91.20218658447266	92.31758880615234	86.65371704101562	95.87379455566406	80.67666625976562	98.8570785522461	74.5384750366211	101.51541900634766
F	12.18000030517578	11.874909400939941	11.91395378112793	11.888995170593262	11.907430648803711	11.952911376953125	11.965377807617188	11.968099594116211	11.968725204467773	11.982473373413086	12.002241134643555	12.018452644348145	12.028325080871582	12.036392211914062	12.049596786499023	12.062735557556152	12.076271057128906	12.088722229003906	12.100289344787598	12.112370491027832	12.124977111816406	12.137762069702148	12.150291442871094	12.162605285644531	12.17495346069336	12.187450408935547	12.200027465820312	12.212574005126953	12.22508430480957	12.237584114074707	12.250120162963867
ARE	130.43499755859375	130.3416290283203	131.22064208984375	130.61900329589844	131.81935119628906	131.00535583496094	132.3700714111328	131.59959411621094	132.88414001464844	132.106201171875	133.4546661376953	132.701171875	134.14154052734375	133.4425048828125	134.8722381591797	134.04933166503906	135.50924682617188	134.67385864257812	136.1564178466797	135.30255126953125	136.81930541992188	135.93458557128906	137.48187255859375	136.5710906982422	138.15133666992188	137.21263122558594	138.8268585205078	137.85488891601562	139.50059509277344	138.49842834472656	140.1781005859375
CB	199.3800048828125	194.54449462890625	195.41342163085938	194.29115295410156	195.9249725341797	194.5983428955078	195.5060577392578	194.56185913085938	195.1513671875	194.40757751464844	194.80081176757812	194.2222137451172	194.4600830078125	194.0062713623047	194.13421630859375	193.78652954101562	193.8325958251953	193.5386505126953	193.5347137451172	193.29061889648438	193.2476348876953	193.0350341796875	192.9656219482422	192.77621459960938	192.6878662109375	192.51487731933594	192.41331481933594	192.251953125	192.14105224609375	191.9879608154297	191.8705596923828
SYK	219.5399932861328	207.6331787109375	204.94894409179688	205.6939697265625	204.606689453125	204.77194213867188	204.11453247070312	203.78030395507812	203.3243865966797	202.97967529296875	202.09750366210938	201.26284790039062	200.33718872070312	199.89793395996094	199.13717651367188	198.99571228027344	197.70462036132812	196.78392028808594	196.28936767578125	195.6112060546875	195.0188446044922	194.35040283203125	193.72174072265625	193.07089233398438	192.42996215820312	191.74984741210938	191.07052612304688	190.3916473388672	189.766357421875	189.11019897460938	188.48818969726562
NOW	359.2799987792969	360.1660461425781	359.5817565917969	358.3888244628906	357.6627502441406	356.8314208984375	356.7167053222656	356.7923889160156	357.1883544921875	357.5529479980469	357.92401123046875	358.3768310546875	358.9897766113281	359.7182312011719	360.4606628417969	361.1960754394531	361.8878173828125	362.5212097167969	363.0328369140625	363.4605712890625	363.8460388183594	364.2245178222656	364.6126403808594	365.0221252441406	365.4553527832031	365.91448974609375	366.39984130859375	366.91009521484375	367.4396057128906	367.9800720214844	368.5226135253906
TSN	64.79000091552734	65.02102661132812	65.27062225341797	65.39810180664062	65.52694702148438	65.6332778930664	65.7396011352539	65.84521484375	65.95979309082031	66.0923080444336	66.23497772216797	66.38273620605469	66.53202056884766	66.67887878417969	66.82119750976562	66.95867156982422	67.09610748291016	67.23283386230469	67.37112426757812	67.51011657714844	67.65042877197266	67.79154968261719	67.93334197998047	68.07540893554688	68.21753692626953	68.35970306396484	68.50190734863281	68.64425659179688	68.78685760498047	68.92977142333984	69.07303619384766
NOXL	0.0299999993294477	0.03463118150830269	0.038550954312086105	0.04202929511666298	0.045809268951416016	0.04992908611893654	0.05380753055214882	0.057787153869867325	0.0618826188147068	0.06595620512962341	0.07005327939987183	0.0742110162973404	0.07838941365480423	0.08259207755327225	0.08683350682258606	0.09110509604215622	0.095403753221035	0.09973523765802383	0.10409898310899734	0.10849381238222122	0.11292116343975067	0.11738139390945435	0.1218741238117218	0.12639987468719482	0.13095901906490326	0.13555163145065308	0.14017795026302338	0.144838348031044	0.1495330035686493	0.15426217019557953	0.1590261161327362
PEP	174.7050018310547	169.72377014160156	172.15719604492188	169.83705139160156	169.56687927246094	168.2059326171875	167.51527404785156	166.40196228027344	165.5515594482422	164.53675842285156	163.67416381835938	162.6817626953125	161.79698181152344	160.84645080566406	159.9385223388672	159.01638793945312	158.10745239257812	157.1996307373047	156.2991943359375	155.4022979736328	154.51173400878906	153.62525939941406	152.74459838867188	151.8684539794922	150.99755859375	150.13153076171875	149.27047729492188	148.414306640625	147.56304931640625	146.71664428710938	145.8750457763672
PEG	54.77040100097656	53.50265884399414	54.514610290527344	53.65923309326172	54.35496520996094	53.95817565917969	54.29104232788086	54.252288818359375	54.359642028808594	54.45568084716797	54.312957763671875	54.548458099365234	54.29638671875	54.65180969238281	54.392372131347656	54.73177719116211	54.494205474853516	54.764766693115234	54.609649658203125	54.793800354003906	54.733253479003906	54.82982635498047	54.85615921020508	54.875728607177734	54.96339416503906	54.93097686767578	55.054622650146484	55.0009880065918	55.135353088378906	55.0836181640625	55.20637512207031
MDLZ	57.79999923706055	57.918785095214844	57.944252014160156	57.959228515625	57.875091552734375	57.61114501953125	57.41820526123047	57.20336151123047	57.06182098388672	56.90631866455078	56.77764129638672	56.62666320800781	56.48975372314453	56.339542388916016	56.19493865966797	56.04573059082031	55.90266799926758	55.75860595703125	55.61896896362305	55.478248596191406	55.33970642089844	55.200462341308594	55.062435150146484	54.924163818359375	54.78690719604492	54.649879455566406	54.51378631591797	54.37812423706055	54.24325180053711	54.108856201171875	53.97514343261719
REG	55.45500183105469	54.35193634033203	54.55655288696289	54.24430847167969	54.260536193847656	54.027015686035156	53.93071746826172	53.75091552734375	53.63340759277344	53.47327423095703	53.35358428955078	53.19349670410156	53.073333740234375	52.91478729248047	52.780311584472656	52.630531311035156	52.489715576171875	52.34454345703125	52.20246124267578	52.059532165527344	51.9178466796875	51.7763557434082	51.635498046875	51.49519348144531	51.35533905029297	51.21611022949219	51.077327728271484	50.93914031982422	50.80142593383789	50.66427230834961	50.52761459350586
COST	481.010009765625	477.7377014160156	479.82525634765625	481.6107177734375	486.55609130859375	486.2673645019531	490.4570007324219	492.6388854980469	495.5096435546875	496.74420166015625	499.3583679199219	501.1378479003906	503.7548828125	506.8517761230469	509.4906005859375	511.9035339355469	514.59521484375	517.3870849609375	519.8925170898438	522.618896484375	525.3031005859375	528.0006103515625	530.5684204101562	533.251220703125	535.8690185546875	538.5701904296875	541.2880859375	544.0376586914062	546.7601928710938	549.5345458984375	552.3177490234375
LOW	183.5800018310547	173.01687622070312	173.77691650390625	169.71041870117188	172.85299682617188	168.64590454101562	170.86203002929688	165.4322052001953	166.96981811523438	163.13571166992188	164.7269744873047	160.69851684570312	162.33590698242188	158.39193725585938	159.53717041015625	156.30593872070312	157.13136291503906	153.89227294921875	154.63609313964844	151.71275329589844	152.2225799560547	149.52154541015625	149.84085083007812	147.28500366210938	147.51405334472656	145.16015625	145.22242736816406	143.03189086914062	142.97698974609375	140.91256713867188	140.7742919921875
UEEC	0.25	0.26839327812194824	0.2752901017665863	0.28003060817718506	0.2868139147758484	0.29208245873451233	0.2978590130805969	0.3039218485355377	0.31041112542152405	0.316727876663208	0.32317525148391724	0.3295924961566925	0.33616989850997925	0.3427082300186157	0.349221408367157	0.3559172749519348	0.3626788258552551	0.3694630265235901	0.3762217164039612	0.38306349515914917	0.38994503021240234	0.39686697721481323	0.40384775400161743	0.4108731746673584	0.4179500937461853	0.42507195472717285	0.4322451949119568	0.4394664168357849	0.4467371106147766	0.45405644178390503	0.4614265561103821
AIZ	148.25999450683594	144.17498779296875	145.08181762695312	144.19174194335938	144.3543243408203	143.6492462158203	143.32420349121094	142.8573760986328	142.5784912109375	142.15867614746094	141.80104064941406	141.4278106689453	141.06190490722656	140.697509765625	140.32920837402344	139.96864318847656	139.60487365722656	139.24569702148438	138.88571166992188	138.52853393554688	138.17205810546875	137.81727600097656	137.46380615234375	137.11172485351562	136.7610626220703	136.4117431640625	136.06382751464844	135.71728515625	135.37208557128906	135.02825927734375	134.68577575683594
FMC	115.33999633789062	115.39859771728516	115.9632797241211	116.18140411376953	116.53777313232422	116.8209457397461	117.10235595703125	117.4109878540039	117.71582794189453	118.0172348022461	118.32315063476562	118.6291275024414	118.9347915649414	119.24075317382812	119.54900360107422	119.85774993896484	120.16765594482422	120.4781723022461	120.78999328613281	121.1025161743164	121.41596221923828	121.73033905029297	122.04563903808594	122.36185455322266	122.67899322509766	122.99706268310547	123.31604766845703	123.6359634399414	123.95680236816406	124.2785873413086	124.60131072998047
MET	68.0999984741211	66.2922134399414	67.0744857788086	66.55081939697266	66.41597747802734	66.2054443359375	66.06687927246094	65.82283782958984	65.69168090820312	65.46033477783203	65.31532287597656	65.09757995605469	64.94579315185547	64.73712921142578	64.57823181152344	64.37901306152344	64.21150970458984	64.02357482910156	63.85005569458008	63.66841125488281	63.49409484863281	63.315208435058594	63.14164352416992	62.96505355834961	62.7923469543457	62.617919921875	62.44623947143555	62.27376174926758	62.1032600402832	61.93258285522461	61.763362884521484
XEL	61.08000183105469	59.186500549316406	60.13812255859375	59.3018798828125	59.68697738647461	59.1209602355957	59.30731964111328	58.97110366821289	58.95499801635742	58.77698516845703	58.67270278930664	58.531463623046875	58.41682815551758	58.27964401245117	58.16236114501953	58.032466888427734	57.91065216064453	57.78245544433594	57.66135787963867	57.53432846069336	57.4122200012207	57.28742599487305	57.1646842956543	57.041133880615234	56.918601989746094	56.79585647583008	56.67369842529297	56.551658630371094	56.42997741699219	56.30853271484375	56.18740463256836
MPC	110.31999969482422	109.54678344726562	109.16303253173828	108.83985900878906	108.39413452148438	107.874755859375	107.28887939453125	106.66377258300781	106.01164245605469	105.34405517578125	104.6677474975586	103.98823547363281	103.30801391601562	102.62965393066406	101.95378875732422	101.28292083740234	100.61662292480469	99.95561218261719	99.30017852783203	98.65043640136719	98.00645446777344	97.36824035644531	96.73580169677734	96.10911560058594	95.48812866210938	94.872802734375	94.26310729980469	93.65897369384766	93.06035614013672	92.46720886230469	91.87947845458984
BR	139.52999877929688	138.1852264404297	137.39263916015625	136.96669006347656	136.4207000732422	135.95191955566406	135.46121215820312	134.98399353027344	134.5064239501953	134.03146362304688	133.55641174316406	133.08485412597656	132.615478515625	132.14907836914062	131.6852569580078	131.22349548339844	130.763916015625	130.30661010742188	129.8516387939453	129.3989715576172	128.9485626220703	128.5004119873047	128.0545196533203	127.61088562011719	127.16947174072266	126.73027038574219	126.29327392578125	125.85848236083984	125.42587280273438	124.99542999267578	124.56714630126953
FAST	46.23500061035156	44.94596862792969	44.546730041503906	44.01737976074219	43.667503356933594	43.34308624267578	43.01628875732422	42.65012741088867	42.315704345703125	41.96548843383789	41.63481521606445	41.30278778076172	40.96812057495117	40.63136672973633	40.30317306518555	39.97084426879883	39.64785385131836	39.3254508972168	39.006614685058594	38.689857482910156	38.37574768066406	38.063961029052734	37.754966735839844	37.44828414916992	37.14418029785156	36.84248352050781	36.543243408203125	36.246429443359375	35.95207214355469	35.66007995605469	35.370479583740234
TJX	67.69000244140625	66.54475402832031	67.37348175048828	67.44048309326172	67.46244812011719	67.4880142211914	67.48976135253906	67.41184997558594	67.34597778320312	67.27265930175781	67.186767578125	67.10716247558594	67.0307388305664	66.95710754394531	66.88932800292969	66.82571411132812	66.7642593383789	66.70655059814453	66.65010833740234	66.59504699707031	66.54080200195312	66.48695373535156	66.43324279785156	66.37958526611328	66.3258285522461	66.27198028564453	66.21802520751953	66.16400146484375	66.10992431640625	66.05583190917969	66.00176239013672
STX	54.9900016784668	52.67378234863281	53.21556091308594	53.22907638549805	53.17988967895508	53.20126724243164	53.18766784667969	53.189632415771484	53.18474197387695	53.18088912963867	53.17653274536133	53.17239761352539	53.1678581237793	53.16347122192383	53.159427642822266	53.15452575683594	53.148860931396484	53.14503860473633	53.140323638916016	53.13574981689453	53.131221771240234	53.12667465209961	53.122135162353516	53.11761474609375	53.11309051513672	53.10857391357422	53.104068756103516	53.099571228027344	53.09508514404297	53.09059524536133	53.086124420166016
KHC	35.70000076293945	35.802303314208984	35.831932067871094	35.98593521118164	36.19013214111328	36.12022399902344	36.13106155395508	36.190147399902344	36.26176834106445	36.35487747192383	36.44025421142578	36.467247009277344	36.545440673828125	36.62571716308594	36.69392395019531	36.75712203979492	36.84318923950195	36.92188262939453	37.00235366821289	37.07631301879883	37.14695358276367	37.217567443847656	37.292266845703125	37.36243438720703	37.43345642089844	37.505794525146484	37.579017639160156	37.650794982910156	37.72303771972656	37.794578552246094	37.866756439208984
D	65.37000274658203	64.66504669189453	64.69944763183594	64.74913024902344	64.79227447509766	64.83334350585938	64.8746337890625	64.91578674316406	64.95698547363281	64.99742126464844	65.03876495361328	65.07971954345703	65.12010955810547	65.16036987304688	65.20114135742188	65.2410888671875	65.28215026855469	65.32283782958984	65.363525390625	65.40425109863281	65.44500732421875	65.48578643798828	65.5265884399414	65.56742858886719	65.60828399658203	65.649169921875	65.6900863647461	65.73103332519531	65.77198791503906	65.81298828125	65.85400390625
BXP	72.08999633789062	71.12975311279297	70.51349639892578	71.17688751220703	71.53913116455078	70.1497802734375	70.75496673583984	71.51251220703125	70.43836212158203	70.1448745727539	71.34876251220703	70.59073638916016	69.70532989501953	70.75270080566406	71.05084991455078	69.49845123291016	70.02458190917969	71.08356475830078	69.77750396728516	69.27194213867188	70.81636047363281	70.2065658569336	68.83177947998047	70.1207504272461	70.65729522705078	68.76737213134766	69.22928619384766	70.7370834350586	69.20338439941406	68.40837097167969	70.33553314208984
ALLE	92.13999938964844	91.15338897705078	91.39006805419922	90.1080551147461	91.35977935791016	89.8769302368164	90.67996978759766	90.05755615234375	90.83136749267578	89.76134490966797	90.7347183227539	89.6634292602539	90.53580474853516	89.43631744384766	90.56490325927734	89.40290069580078	90.47998809814453	89.3784408569336	90.41185760498047	89.25896453857422	90.32024383544922	89.17329406738281	90.23307037353516	89.05956268310547	90.1702880859375	88.95160675048828	90.08464813232422	88.85242462158203	90.0072021484375	88.75244140625	89.93008422851562
NOC	526.3900146484375	524.3072509765625	524.3959350585938	524.4817504882812	524.385986328125	524.3162231445312	524.2453002929688	524.1741333007812	524.10302734375	524.031982421875	523.9609985351562	523.8900146484375	523.8190307617188	523.7481079101562	523.6771850585938	523.6062622070312	523.5352783203125	523.46435546875	523.3934326171875	523.322509765625	523.2516479492188	523.1807861328125	523.1099243164062	523.0391235351562	522.96826171875	522.8973999023438	522.8265991210938	522.7557983398438	522.6849975585938	522.6141967773438	522.54345703125
MRK	96.2699966430664	93.96151733398438	93.41676330566406	92.98494720458984	92.56719207763672	92.12649536132812	91.7022933959961	91.27455139160156	90.85022735595703	90.42787170410156	90.00732421875	89.58889770507812	89.17240905761719	88.7579116821289	88.34537506103516	87.93480682373047	87.52616119384766	87.11946105957031	86.71469116210938	86.31182861328125	85.910888671875	85.5118408203125	85.11470031738281	84.71943664550781	84.3260498046875	83.93453216552734	83.54486083984375	83.15705871582031	82.77108001708984	82.38693237304688	82.00460815429688
ABBV	148.6999969482422	139.09417724609375	135.3023223876953	135.0169677734375	135.28152465820312	135.1546630859375	135.054931640625	134.695556640625	134.34088134765625	133.9466552734375	133.480224609375	133.02850341796875	132.96441650390625	132.58416748046875	131.64816284179688	130.44387817382812	129.04159545898438	128.21632385253906	127.78137969970703	127.39810943603516	126.96155548095703	126.49381256103516	125.99440002441406	125.47830200195312	124.97429656982422	124.46414184570312	123.916015625	123.30901336669922	122.61957550048828	121.9076919555664	121.23741912841797
IR	46.900001525878906	45.364505767822266	45.25308609008789	45.531925201416016	45.61274337768555	45.82539749145508	45.44694519042969	45.97923278808594	45.60440444946289	45.80341720581055	45.879295349121094	45.521942138671875	46.02696990966797	45.64958190917969	45.98503494262695	45.8824462890625	45.80898666381836	46.018436431884766	45.754085540771484	46.13606643676758	45.864532470703125	46.01779556274414	46.0793571472168	45.91756820678711	46.197608947753906	45.94389343261719	46.18306350708008	46.09023666381836	46.10418701171875	46.24860763549805	46.06309509277344
UNP	192.0500030517578	182.46949768066406	183.0172119140625	179.06695556640625	179.72210693359375	176.76824951171875	177.95606994628906	174.94985961914062	173.66152954101562	171.87515258789062	171.9980010986328	169.57315063476562	168.87823486328125	167.0321807861328	165.66094970703125	164.7857208251953	163.2863311767578	162.15504455566406	160.6352996826172	159.6215362548828	157.9929656982422	157.1014404296875	155.66490173339844	154.56935119628906	153.1466064453125	152.13949584960938	150.75291442871094	149.7073974609375	148.42526245117188	147.30291748046875	146.0863800048828
EBAY	37.59999847412109	37.34352493286133	37.34735870361328	37.35197067260742	37.35917663574219	37.36425018310547	37.36870193481445	37.375396728515625	37.381141662597656	37.384490966796875	37.39019012451172	37.394596099853516	37.399417877197266	37.404624938964844	37.410682678222656	37.41522979736328	37.4202880859375	37.42534637451172	37.43039321899414	37.4354362487793	37.440467834472656	37.445499420166016	37.450523376464844	37.455535888671875	37.460548400878906	37.465553283691406	37.47054672241211	37.47554016113281	37.48052215576172	37.485504150390625	37.490474700927734
AMT	184.6999969482422	187.51878356933594	188.70909118652344	190.392822265625	192.0922088623047	193.89723205566406	195.72836303710938	197.58827209472656	199.4699249267578	201.36923217773438	203.2881317138672	205.2242889404297	207.1802215576172	209.1546173095703	211.14793395996094	213.15977478027344	215.19056701660156	217.2401580810547	219.3088836669922	221.39686584472656	223.5043182373047	225.63134765625	227.77821350097656	229.9449920654297	232.13197326660156	234.3393096923828	236.56715393066406	238.8157501220703	241.0852508544922	243.37586975097656	245.6877899169922
SBUX	82.4800033569336	85.91459655761719	86.39363861083984	85.92711639404297	86.25971984863281	86.17902374267578	86.26654815673828	86.19560241699219	86.33783721923828	86.02289581298828	86.08832550048828	85.95881652832031	85.97344207763672	86.13822174072266	85.49472045898438	85.99481964111328	86.08275604248047	85.9942626953125	86.03179168701172	86.00643157958984	86.02576446533203	85.97181701660156	86.00875091552734	85.9337387084961	85.96725463867188	85.92981719970703	85.92407989501953	85.9725570678711	85.86483764648438	85.9344482421875	85.94252014160156
DPZ	315.75	315.47064208984375	315.8622741699219	315.953369140625	316.0968933105469	316.3468322753906	316.4682312011719	316.6947937011719	316.8364562988281	317.0300598144531	317.20574951171875	317.3832702636719	317.5668640136719	317.74066162109375	317.9234924316406	318.10003662109375	318.28033447265625	318.4591979980469	318.63812255859375	318.8177490234375	318.99658203125	319.1761474609375	319.3553161621094	319.5347595214844	319.71417236328125	319.8935852050781	320.0731201171875	320.25262451171875	320.4322509765625	320.6118469238281	320.7915344238281
INTU	405.5700073242188	395.6001892089844	397.0400085449219	395.0975646972656	395.25213623046875	394.0683898925781	393.7611083984375	392.8710021972656	392.3731994628906	391.6065979003906	391.01318359375	390.3023681640625	389.6737365722656	388.9927673339844	388.3492431640625	387.6824951171875	387.02642822265625	386.3676452636719	385.71405029296875	385.0590515136719	384.4068603515625	383.7547302246094	383.10443115234375	382.4548645019531	381.80670166015625	381.1595458984375	380.51361083984375	379.8687744140625	379.2251281738281	378.58258056640625	377.94122314453125
ECL	146.92999267578125	139.1025848388672	144.09487915039062	139.89962768554688	142.45571899414062	139.55384826660156	141.61241149902344	138.86306762695312	140.75735473632812	138.30812072753906	139.8865203857422	137.7430877685547	139.0232696533203	137.13992309570312	138.19947814941406	136.51512145996094	137.3925018310547	135.89198303222656	136.5945281982422	135.26144409179688	135.81443786621094	134.62109375	135.04937744140625	133.97494506835938	134.29617309570312	133.3248748779297	133.55381774902344	132.67164611816406	132.82151794433594	132.01612854003906	132.09832763671875
IPGP	85.02999877929688	81.30070495605469	80.75052642822266	80.62354278564453	80.43563842773438	80.02925109863281	79.44731140136719	78.94522094726562	78.4446029663086	77.93815612792969	77.41123962402344	76.89369201660156	76.34146118164062	75.78254699707031	75.34285736083984	74.87842559814453	74.380126953125	73.89186096191406	73.41351318359375	72.94142150878906	72.46712493896484	71.99656677246094	71.5305404663086	71.06848907470703	70.61048889160156	70.15827941894531	69.71098327636719	69.26444244384766	68.82119750976562	68.38284301757812	67.9480209350586
DRE	48.20000076293945	48.290863037109375	48.349674224853516	48.42792510986328	48.501766204833984	48.58359146118164	48.66172790527344	48.741844177246094	48.819374084472656	48.8990478515625	48.97745895385742	49.057430267333984	49.136375427246094	49.21638107299805	49.295711517333984	49.37587356567383	49.45560836791992	49.53578186035156	49.615787506103516	49.696083068847656	49.77631759643555	49.85675811767578	49.937191009521484	50.01778793334961	50.09842300415039	50.1791877746582	50.260005950927734	50.3409423828125	50.42194747924805	50.503055572509766	50.58424377441406
